experiment_name,version,attack,0,0,mean_score,mean_score
,,,mean,std,mean,std
Experiment A,Pen Mentioned Not Removed,antonym_replacement,3.5185185185185186,0.27962349760262023,3.5185185185185186,0.27962349760262023
Experiment A,Pen Mentioned Not Removed,caesar_cipher,2.814814814814815,0.2566001196398338,2.814814814814815,0.2566001196398338
Experiment A,Pen Mentioned Not Removed,change_character_names,3.6296296296296298,0.16972502573910517,3.6296296296296298,0.16972502573910517
Experiment A,Pen Mentioned Not Removed,context_removal,3.7407407407407405,0.320750149549792,3.7407407407407405,0.320750149549792
Experiment A,Pen Mentioned Not Removed,control,3.233333333333333,0.30550504633038944,3.233333333333333,0.30550504633038944
Experiment A,Pen Mentioned Not Removed,distraction_insertion,3.0,0.11111111111111105,3.0,0.11111111111111105
Experiment A,Pen Mentioned Not Removed,introduce_typos,3.592592592592593,0.25660011963983353,3.592592592592593,0.25660011963983353
Experiment A,Pen Mentioned Not Removed,shuffle_sentences,4.185185185185185,0.06415002990995897,4.185185185185185,0.06415002990995897
Experiment A,Pen Mentioned Not Removed,swap_words,3.592592592592592,0.06415002990995838,3.592592592592592,0.06415002990995838
Experiment A,Pen Mentioned Not Removed,synonym_replacement,3.074074074074074,0.44905020936970896,3.074074074074074,0.44905020936970896
Experiment A,Pen Mentioned Not Removed,word_swap_embedding,3.888888888888889,0.0,3.888888888888889,0.0
Experiment A,Pen Mentioned Not Removed,word_swap_homoglyph,3.407407407407407,0.25660011963983376,3.407407407407407,0.25660011963983376
Experiment A,Pen Mentioned Removed,antonym_replacement,3.2962962962962963,0.35717225040714656,3.2962962962962963,0.35717225040714656
Experiment A,Pen Mentioned Removed,caesar_cipher,3.185185185185185,0.4490502093697091,3.185185185185185,0.4490502093697091
Experiment A,Pen Mentioned Removed,change_character_names,3.6666666666666665,0.1924500897298753,3.6666666666666665,0.1924500897298753
Experiment A,Pen Mentioned Removed,context_removal,3.0,0.2939723678960656,3.0,0.2939723678960656
Experiment A,Pen Mentioned Removed,control,2.9,0.17320508075688756,2.9,0.17320508075688756
Experiment A,Pen Mentioned Removed,distraction_insertion,3.185185185185185,0.2566001196398338,3.185185185185185,0.2566001196398338
Experiment A,Pen Mentioned Removed,introduce_typos,3.111111111111111,0.0,3.111111111111111,0.0
Experiment A,Pen Mentioned Removed,shuffle_sentences,3.7777777777777772,0.19245008972987535,3.7777777777777772,0.19245008972987535
Experiment A,Pen Mentioned Removed,swap_words,3.6296296296296298,0.12830005981991688,3.6296296296296298,0.12830005981991688
Experiment A,Pen Mentioned Removed,synonym_replacement,3.444444444444444,0.1924500897298751,3.444444444444444,0.1924500897298751
Experiment A,Pen Mentioned Removed,word_swap_embedding,3.2222222222222228,0.19245008972987535,3.2222222222222228,0.19245008972987535
Experiment A,Pen Mentioned Removed,word_swap_homoglyph,2.888888888888889,0.0,2.888888888888889,0.0
Experiment A,Pen Not Mentioned,antonym_replacement,3.407407407407407,0.2566001196398336,3.407407407407407,0.2566001196398336
Experiment A,Pen Not Mentioned,caesar_cipher,2.9629629629629632,0.2566001196398338,2.9629629629629632,0.2566001196398338
Experiment A,Pen Not Mentioned,change_character_names,3.2592592592592595,0.3207501495497921,3.2592592592592595,0.3207501495497921
Experiment A,Pen Not Mentioned,context_removal,3.1481481481481484,0.4206598774666872,3.1481481481481484,0.4206598774666872
Experiment A,Pen Not Mentioned,control,3.1666666666666665,0.2309401076758502,3.1666666666666665,0.2309401076758502
Experiment A,Pen Not Mentioned,distraction_insertion,2.8518518518518516,0.2566001196398337,2.8518518518518516,0.2566001196398337
Experiment A,Pen Not Mentioned,introduce_typos,2.888888888888889,0.4006168083848878,2.888888888888889,0.4006168083848878
Experiment A,Pen Not Mentioned,shuffle_sentences,4.0740740740740735,0.06415002990995826,4.0740740740740735,0.06415002990995826
Experiment A,Pen Not Mentioned,swap_words,3.925925925925926,0.12830005981991688,3.925925925925926,0.12830005981991688
Experiment A,Pen Not Mentioned,synonym_replacement,3.7037037037037037,0.12830005981991688,3.7037037037037037,0.12830005981991688
Experiment A,Pen Not Mentioned,word_swap_embedding,4.148148148148148,0.320750149549792,4.148148148148148,0.320750149549792
Experiment A,Pen Not Mentioned,word_swap_homoglyph,3.2962962962962963,0.0641500299099586,3.2962962962962963,0.0641500299099586
Experiment B,Unused Comb,antonym_replacement,2.4444444444444446,0.0,2.4444444444444446,0.0
Experiment B,Unused Comb,caesar_cipher,2.888888888888889,0.0,2.888888888888889,0.0
Experiment B,Unused Comb,change_character_names,2.7777777777777772,0.0,2.7777777777777772,0.0
Experiment B,Unused Comb,context_removal,2.6666666666666665,0.11111111111111127,2.6666666666666665,0.11111111111111127
Experiment B,Unused Comb,control,2.3,0.0,2.3,0.0
Experiment B,Unused Comb,distraction_insertion,2.4814814814814814,0.25660011963983337,2.4814814814814814,0.25660011963983337
Experiment B,Unused Comb,introduce_typos,2.888888888888889,0.0,2.888888888888889,0.0
Experiment B,Unused Comb,shuffle_sentences,4.333333333333333,0.0,4.333333333333333,0.0
Experiment B,Unused Comb,swap_words,3.0370370370370368,0.2566001196398338,3.0370370370370368,0.2566001196398338
Experiment B,Unused Comb,synonym_replacement,2.7037037037037037,0.2566001196398338,2.7037037037037037,0.2566001196398338
Experiment B,Unused Comb,word_swap_embedding,2.6666666666666665,0.19245008972987535,2.6666666666666665,0.19245008972987535
Experiment B,Unused Comb,word_swap_homoglyph,2.555555555555556,0.1924500897298751,2.555555555555556,0.1924500897298751
Experiment B,Used Comb,antonym_replacement,2.6666666666666665,0.0,2.6666666666666665,0.0
Experiment B,Used Comb,caesar_cipher,2.888888888888889,0.0,2.888888888888889,0.0
Experiment B,Used Comb,change_character_names,2.8518518518518516,0.3207501495497923,2.8518518518518516,0.3207501495497923
Experiment B,Used Comb,context_removal,2.4444444444444446,0.222222222222222,2.4444444444444446,0.222222222222222
Experiment B,Used Comb,control,2.566666666666667,0.11547005383792529,2.566666666666667,0.11547005383792529
Experiment B,Used Comb,distraction_insertion,2.4444444444444446,0.1924500897298751,2.4444444444444446,0.1924500897298751
Experiment B,Used Comb,introduce_typos,2.7407407407407405,0.06415002990995845,2.7407407407407405,0.06415002990995845
Experiment B,Used Comb,shuffle_sentences,3.185185185185185,0.320750149549792,3.185185185185185,0.320750149549792
Experiment B,Used Comb,swap_words,2.7777777777777772,0.19245008972987535,2.7777777777777772,0.19245008972987535
Experiment B,Used Comb,synonym_replacement,2.4444444444444446,0.0,2.4444444444444446,0.0
Experiment B,Used Comb,word_swap_embedding,3.0,0.0,3.0,0.0
Experiment B,Used Comb,word_swap_homoglyph,2.7407407407407405,0.06415002990995845,2.7407407407407405,0.06415002990995845
Experiment C,Prior Solution Mentioned Not Removed,antonym_replacement,3.2222222222222228,0.19245008972987535,3.2222222222222228,0.19245008972987535
Experiment C,Prior Solution Mentioned Not Removed,caesar_cipher,3.592592592592593,0.12830005981991663,3.592592592592593,0.12830005981991663
Experiment C,Prior Solution Mentioned Not Removed,change_character_names,2.8518518518518516,0.1697250257391054,2.8518518518518516,0.1697250257391054
Experiment C,Prior Solution Mentioned Not Removed,context_removal,3.4814814814814814,0.16972502573910486,3.4814814814814814,0.16972502573910486
Experiment C,Prior Solution Mentioned Not Removed,control,3.2000000000000006,0.0,3.2000000000000006,0.0
Experiment C,Prior Solution Mentioned Not Removed,distraction_insertion,2.7407407407407405,0.06415002990995826,2.7407407407407405,0.06415002990995826
Experiment C,Prior Solution Mentioned Not Removed,introduce_typos,3.0,0.0,3.0,0.0
Experiment C,Prior Solution Mentioned Not Removed,shuffle_sentences,3.1481481481481484,0.06415002990995841,3.1481481481481484,0.06415002990995841
Experiment C,Prior Solution Mentioned Not Removed,swap_words,3.111111111111111,0.11111111111111116,3.111111111111111,0.11111111111111116
Experiment C,Prior Solution Mentioned Not Removed,synonym_replacement,3.185185185185185,0.12830005981991696,3.185185185185185,0.12830005981991696
Experiment C,Prior Solution Mentioned Not Removed,word_swap_embedding,2.888888888888889,0.0,2.888888888888889,0.0
Experiment C,Prior Solution Mentioned Not Removed,word_swap_homoglyph,3.0,0.0,3.0,0.0
Experiment C,Prior Solution Mentioned and Removed,antonym_replacement,2.814814814814815,0.2796234976026204,2.814814814814815,0.2796234976026204
Experiment C,Prior Solution Mentioned and Removed,caesar_cipher,3.2592592592592595,0.06415002990995845,3.2592592592592595,0.06415002990995845
Experiment C,Prior Solution Mentioned and Removed,change_character_names,2.6435185185185186,0.32165099430892125,2.6435185185185186,0.32165099430892125
Experiment C,Prior Solution Mentioned and Removed,context_removal,3.111111111111111,0.0,3.111111111111111,0.0
Experiment C,Prior Solution Mentioned and Removed,control,2.533333333333333,0.20816659994661363,2.533333333333333,0.20816659994661363
Experiment C,Prior Solution Mentioned and Removed,distraction_insertion,3.111111111111111,0.0,3.111111111111111,0.0
Experiment C,Prior Solution Mentioned and Removed,introduce_typos,2.814814814814815,0.06415002990995838,2.814814814814815,0.06415002990995838
Experiment C,Prior Solution Mentioned and Removed,shuffle_sentences,3.7407407407407405,0.23129622216290371,3.7407407407407405,0.23129622216290371
Experiment C,Prior Solution Mentioned and Removed,swap_words,3.1481481481481484,0.12830005981991696,3.1481481481481484,0.12830005981991696
Experiment C,Prior Solution Mentioned and Removed,synonym_replacement,3.0,0.1924500897298752,3.0,0.1924500897298752
Experiment C,Prior Solution Mentioned and Removed,word_swap_embedding,2.7777777777777772,0.0,2.7777777777777772,0.0
Experiment C,Prior Solution Mentioned and Removed,word_swap_homoglyph,3.0,0.0,3.0,0.0
Experiment C,Prior Solution Not Mentioned,antonym_replacement,3.1481481481481484,0.12830005981991688,3.1481481481481484,0.12830005981991688
Experiment C,Prior Solution Not Mentioned,caesar_cipher,3.2592592592592595,0.23129622216290355,3.2592592592592595,0.23129622216290355
Experiment C,Prior Solution Not Mentioned,change_character_names,3.074074074074074,0.12830005981991688,3.074074074074074,0.12830005981991688
Experiment C,Prior Solution Not Mentioned,context_removal,2.888888888888889,0.0,2.888888888888889,0.0
Experiment C,Prior Solution Not Mentioned,control,3.0,0.0,3.0,0.0
Experiment C,Prior Solution Not Mentioned,distraction_insertion,3.2222222222222228,0.0,3.2222222222222228,0.0
Experiment C,Prior Solution Not Mentioned,introduce_typos,3.3333333333333335,0.11111111111111116,3.3333333333333335,0.11111111111111116
Experiment C,Prior Solution Not Mentioned,shuffle_sentences,3.8518518518518516,0.16972502573910517,3.8518518518518516,0.16972502573910517
Experiment C,Prior Solution Not Mentioned,swap_words,2.6666666666666665,0.19245008972987546,2.6666666666666665,0.19245008972987546
Experiment C,Prior Solution Not Mentioned,synonym_replacement,3.074074074074074,0.12830005981991688,3.074074074074074,0.12830005981991688
Experiment C,Prior Solution Not Mentioned,word_swap_embedding,2.888888888888889,0.19245008972987535,2.888888888888889,0.19245008972987535
Experiment C,Prior Solution Not Mentioned,word_swap_homoglyph,3.0370370370370368,0.06415002990995826,3.0370370370370368,0.06415002990995826
